{
    "w": [
        1.0799927482014893,
        2.700601663171184,
        -1.9498665686974717,
        2.8706172823595475,
        -1.2839315105806621
    ],
    "b": -0.5753043218120059,
    "mean": [
        6.877916666666666,
        91.79166666666667,
        7.827083333333333,
        5.045833333333333,
        3.533333333333333
    ],
    "std": [
        1.2312476029305488,
        54.730155586802006,
        2.4423297947633706,
        2.612865471512497,
        2.186829262247563
    ]
}