{
    "w": [
        1.228508386490264,
        0.8777659204446386,
        -1.0237247449253695,
        1.2798818855485519,
        -1.6311807521898116
    ],
    "b": -2.8760908871485564,
    "mean": [
        7.00457330914048,
        102.22760322147832,
        6.193526154425594,
        5.0825,
        1.895
    ],
    "std": [
        1.4703824444164049,
        68.51617652125522,
        2.4536471441972396,
        2.3131566635228147,
        1.295752677018265
    ]
}